{"cameraMode":{"drawMode":0,"name":"Shaded","section":"Shading Mode"},"sceneLighting":true,"audioPlay":false,"sceneViewState":{"showFog":true,"showMaterialUpdate":false,"showSkybox":true,"showFlares":true,"showImageEffects":true,"showParticleSystems":true},"in2DMode":false,"pivot":{"x":284.6248474121094,"y":232.75088500976563,"z":-794.4058837890625},"rotation":{"x":0.02786105126142502,"y":-0.7777135968208313,"z":-0.034922849386930469,"w":-0.6270291805267334},"size":286.1683349609375,"orthographic":false}