{"cameraMode":{"drawMode":0,"name":"Shaded","section":"Shading Mode"},"sceneLighting":true,"audioPlay":false,"sceneViewState":{"showFog":true,"showMaterialUpdate":false,"showSkybox":true,"showFlares":true,"showImageEffects":true,"showParticleSystems":true},"in2DMode":false,"pivot":{"x":264.2024841308594,"y":209.81387329101563,"z":-969.3427124023438},"rotation":{"x":0.0169781856238842,"y":-0.9818209409713745,"z":0.10977569967508316,"w":0.1539117693901062},"size":1790.730712890625,"orthographic":false}