{"cameraMode":{"drawMode":0,"name":"Shaded","section":"Shading Mode"},"sceneLighting":true,"audioPlay":false,"sceneViewState":{"showFog":true,"showMaterialUpdate":false,"showSkybox":true,"showFlares":true,"showImageEffects":true,"showParticleSystems":true},"in2DMode":false,"pivot":{"x":288.9662780761719,"y":-133.25596618652345,"z":382.9457702636719},"rotation":{"x":-0.027484528720378877,"y":-0.9546917676925659,"z":0.2815573215484619,"w":-0.09237803518772125},"size":863.2708740234375,"orthographic":false}