{"cameraMode":{"drawMode":0,"name":"Shaded","section":"Shading Mode"},"sceneLighting":true,"audioPlay":false,"sceneViewState":{"showFog":true,"showMaterialUpdate":false,"showSkybox":true,"showFlares":true,"showImageEffects":true,"showParticleSystems":true},"in2DMode":false,"pivot":{"x":169.8311767578125,"y":60.14129638671875,"z":-667.8460693359375},"rotation":{"x":-0.20635291934013368,"y":0.14817307889461518,"z":-0.031629763543605807,"w":-0.9666761159896851},"size":383.45684814453127,"orthographic":false}