{"cameraMode":{"drawMode":0,"name":"Shaded","section":"Shading Mode"},"sceneLighting":true,"audioPlay":false,"sceneViewState":{"showFog":true,"showMaterialUpdate":false,"showSkybox":true,"showFlares":true,"showImageEffects":true,"showParticleSystems":true},"in2DMode":false,"pivot":{"x":168.97140502929688,"y":51.72271728515625,"z":-903.8068237304688},"rotation":{"x":-0.21074320375919343,"y":0.6873467564582825,"z":-0.21965305507183076,"w":-0.6594651937484741},"size":524.9298095703125,"orthographic":false}