{"cameraMode":{"drawMode":0,"name":"Shaded","section":"Shading Mode"},"sceneLighting":true,"audioPlay":false,"sceneViewState":{"showFog":true,"showMaterialUpdate":false,"showSkybox":true,"showFlares":true,"showImageEffects":true,"showParticleSystems":true},"in2DMode":false,"pivot":{"x":-22.88861846923828,"y":-150.54502868652345,"z":170.6708984375},"rotation":{"x":-0.03254235163331032,"y":0.9668413996696472,"z":-0.19579683244228364,"w":-0.16069355607032777},"size":740.836669921875,"orthographic":false}