{"cameraMode":{"drawMode":0,"name":"Shaded","section":"Shading Mode"},"sceneLighting":true,"audioPlay":false,"sceneViewState":{"showFog":true,"showMaterialUpdate":false,"showSkybox":true,"showFlares":true,"showImageEffects":true,"showParticleSystems":true},"in2DMode":false,"pivot":{"x":291.2804260253906,"y":85.37326049804688,"z":-859.7734375},"rotation":{"x":0.10104683041572571,"y":0.8776066303253174,"z":-0.21226420998573304,"w":0.4177800714969635},"size":392.4879455566406,"orthographic":false}