{"cameraMode":{"drawMode":0,"name":"Shaded","section":"Shading Mode"},"sceneLighting":true,"audioPlay":false,"sceneViewState":{"showFog":true,"showMaterialUpdate":false,"showSkybox":true,"showFlares":true,"showImageEffects":true,"showParticleSystems":true},"in2DMode":false,"pivot":{"x":278.65338134765627,"y":151.705322265625,"z":-898.6390380859375},"rotation":{"x":-0.041602861136198047,"y":0.8736647367477417,"z":0.07593096792697907,"w":0.47876274585723879},"size":140.73638916015626,"orthographic":false}