{"cameraMode":{"drawMode":0,"name":"Shaded","section":"Shading Mode"},"sceneLighting":true,"audioPlay":false,"sceneViewState":{"showFog":true,"showMaterialUpdate":false,"showSkybox":true,"showFlares":true,"showImageEffects":true,"showParticleSystems":true},"in2DMode":false,"pivot":{"x":642.953369140625,"y":-778.6956176757813,"z":4.855199813842773},"rotation":{"x":0.1472940742969513,"y":0.8514111638069153,"z":-0.3805316090583801,"w":0.3295440971851349},"size":1211.551025390625,"orthographic":false}